team_id,team,player,goals,years,opponents,data_version
argentina,Argentina,Lionel Messi,11,"2014, 2022","Australia, Bosnia & Herzegovina, Croatia, France, Iran, Mexico, Netherlands, Nigeria",wc26-20260618T013005z
brazil,Brazil,Leônidas,8,"1934, 1938","Czech Republic, Poland, Spain, Sweden",wc26-20260618T013005z
france,France,Kylian Mbappé,8,"2018, 2022","Argentina, Australia, Denmark",wc26-20260618T013005z
argentina,Argentina,Stábile,8,1930,"Chile, Mexico, USA, Uruguay",wc26-20260618T013005z
brazil,Brazil,Ademir,8,1950,"Mexico, Spain, Sweden, Yugoslavia",wc26-20260618T013005z
brazil,Brazil,Neymar,7,"2014, 2018, 2022","Cameroon, Croatia, Mexico, South Korea",wc26-20260618T013005z
czech-republic,Czech Republic,Nejedlý,7,"1934, 1938","Brazil, Germany, Netherlands, Romania, Switzerland",wc26-20260618T013005z
hungary,Hungary,Sárosi,6,"1934, 1938","Austria, Dutch East Indies, Italy, Sweden, Switzerland",wc26-20260618T013005z
ecuador,Ecuador,Enner Valencia,6,"2014, 2022","Honduras, Netherlands, Qatar, Switzerland",wc26-20260618T013005z
france,France,Olivier Giroud,5,"2014, 2022","Australia, England, Poland, Switzerland",wc26-20260618T013005z
hungary,Hungary,Zsengellér,5,1938,"Dutch East Indies, Sweden, Switzerland",wc26-20260618T013005z
germany,Germany,Thomas Müller,5,2014,"Brazil, Portugal, USA",wc26-20260618T013005z
italy,Italy,Piola,5,1938,"France, Hungary, Norway",wc26-20260618T013005z
uruguay,Uruguay,Míguez,5,1950,"Bolivia, Sweden",wc26-20260618T013005z
england,England,Kane,5,2018,"Panama, Tunisia",wc26-20260618T013005z
colombia,Colombia,James Rodríguez,5,2014,"Greece, Ivory Coast, Japan, Uruguay",wc26-20260618T013005z
uruguay,Uruguay,Cea,5,1930,"Argentina, Romania, Yugoslavia",wc26-20260618T013005z
croatia,Croatia,Ivan Perišić,4,"2014, 2018, 2022","Cameroon, England, Japan, Mexico",wc26-20260618T013005z
switzerland,Switzerland,Xherdan Shaqiri,4,"2014, 2022","Honduras, Serbia",wc26-20260618T013005z
france,France,Mbappé,4,"2018, 2022","Croatia, Peru, Poland",wc26-20260618T013005z
croatia,Croatia,Mario Mandžukić,4,"2014, 2018","Cameroon, Denmark, England",wc26-20260618T013005z
switzerland,Switzerland,Abegglen,4,"1934, 1938","Germany, Netherlands",wc26-20260618T013005z
spain,Spain,Zarra,4,1950,"Chile, England, Sweden, USA",wc26-20260618T013005z
poland,Poland,Wilimowski,4,1938,Brazil,wc26-20260618T013005z
italy,Italy,Schiavio,4,1934,"Czech Republic, USA",wc26-20260618T013005z
portugal,Portugal,Ronaldo,4,2018,"Morocco, Spain",wc26-20260618T013005z
netherlands,Netherlands,Robin Van Persie,4,2014,"Australia, Brazil, Spain",wc26-20260618T013005z
usa,USA,Patenaude,4,1930,"Belgium, Paraguay",wc26-20260618T013005z
argentina,Argentina,Julián Álvarez,4,2022,"Australia, Croatia, Poland",wc26-20260618T013005z
uruguay,Uruguay,Ghiggia,4,1950,"Bolivia, Brazil, Spain, Sweden",wc26-20260618T013005z
germany,Germany,Conen,4,1934,"Austria, Belgium",wc26-20260618T013005z
italy,Italy,Colaussi,4,1938,"Brazil, France, Hungary",wc26-20260618T013005z
brazil,Brazil,Chico,4,1950,"Spain, Sweden",wc26-20260618T013005z
spain,Spain,Basora,4,1950,"Chile, USA, Uruguay",wc26-20260618T013005z
hungary,Hungary,Toldi,3,"1934, 1938","Dutch East Indies, Egypt",wc26-20260618T013005z
france,France,Nicolas,3,"1934, 1938","Austria, Belgium",wc26-20260618T013005z
netherlands,Netherlands,Memphis Depay,3,"2014, 2022","Australia, Chile, USA",wc26-20260618T013005z
italy,Italy,Meazza,3,"1934, 1938","Brazil, Spain, USA",wc26-20260618T013005z
sweden,Sweden,Jonasson,3,"1934, 1938","Argentina, Brazil",wc26-20260618T013005z
england,England,Harry Kane,3,"2018, 2022","Colombia, France, Senegal",wc26-20260618T013005z
uruguay,Uruguay,Edinson Cavani,3,"2014, 2018","Costa Rica, Portugal",wc26-20260618T013005z
romania,Romania,Dobay,3,"1934, 1938","Cuba, Czech Republic",wc26-20260618T013005z
ghana,Ghana,André Ayew,3,"2014, 2022","Germany, Portugal, USA",wc26-20260618T013005z
croatia,Croatia,Andrej Kramarić,3,"2018, 2022","Canada, Russia",wc26-20260618T013005z
spain,Spain,Álvaro Morata,3,2022,"Costa Rica, Germany, Japan",wc26-20260618T013005z
sweden,Sweden,Wetterström,3,1938,Cuba,wc26-20260618T013005z
sweden,Sweden,Sundqvist,3,1950,"Paraguay, Spain, Uruguay",wc26-20260618T013005z
uruguay,Uruguay,Schiaffino,3,1950,"Bolivia, Brazil",wc26-20260618T013005z
brazil,Brazil,Romeu,3,1938,"Italy, Poland, Sweden",wc26-20260618T013005z
brazil,Brazil,Richarlison,3,2022,"Serbia, South Korea",wc26-20260618T013005z
brazil,Brazil,Preguinho,3,1930,"Bolivia, Yugoslavia",wc26-20260618T013005z
argentina,Argentina,Peucelle,3,1930,"USA, Uruguay",wc26-20260618T013005z
brazil,Brazil,Perácio,3,1938,"Poland, Sweden",wc26-20260618T013005z
sweden,Sweden,Palmér,3,1950,"Paraguay, Spain, Uruguay",wc26-20260618T013005z
italy,Italy,Orsi,3,1934,"Czech Republic, USA",wc26-20260618T013005z
sweden,Sweden,Nyberg,3,1938,"Brazil, Cuba, Hungary",wc26-20260618T013005z
switzerland,Switzerland,Kielholz,3,1934,"Czech Republic, Netherlands",wc26-20260618T013005z
france,France,Karim Benzema,3,2014,"Honduras, Switzerland",wc26-20260618T013005z
sweden,Sweden,H. Andersson,3,1938,Cuba,wc26-20260618T013005z
portugal,Portugal,Gonçalo Ramos,3,2022,Switzerland,wc26-20260618T013005z
netherlands,Netherlands,Cody Gakpo,3,2022,"Ecuador, Qatar, Senegal",wc26-20260618T013005z
russia,Russia,Cheryshev,3,2018,"Egypt, Saudi Arabia",wc26-20260618T013005z
england,England,Bukayo Saka,3,2022,"Iran, Senegal",wc26-20260618T013005z
yugoslavia,Yugoslavia,Bek,3,1930,"Bolivia, Brazil",wc26-20260618T013005z
netherlands,Netherlands,Arjen Robben,3,2014,"Australia, Spain",wc26-20260618T013005z
uruguay,Uruguay,Anselmo,3,1930,"Romania, Yugoslavia",wc26-20260618T013005z
argentina,Argentina,Ángel Di María,2,"2018, 2022",France,wc26-20260618T013005z
tunisia,Tunisia,Wahbi Khazri,2,"2018, 2022","France, Panama",wc26-20260618T013005z
brazil,Brazil,Thiago Silva,2,"2014, 2018","Colombia, Serbia",wc26-20260618T013005z
portugal,Portugal,Pepe,2,"2018, 2022","Switzerland, Uruguay",wc26-20260618T013005z
belgium,Belgium,Marouane Fellaini,2,"2014, 2018","Algeria, Japan",wc26-20260618T013005z
argentina,Argentina,Marcos Rojo,2,"2014, 2018",Nigeria,wc26-20260618T013005z
south-korea,South Korea,Kim Young-gwon,2,"2018, 2022","Germany, Portugal",wc26-20260618T013005z
belgium,Belgium,Kevin De Bruyne,2,"2014, 2018","Brazil, USA",wc26-20260618T013005z
belgium,Belgium,Jan Vertonghen,2,"2014, 2018","Japan, South Korea",wc26-20260618T013005z
netherlands,Netherlands,Daley Blind,2,"2014, 2022","Brazil, USA",wc26-20260618T013005z
portugal,Portugal,Cristiano Ronaldo,2,"2014, 2022",Ghana,wc26-20260618T013005z
yugoslavia,Yugoslavia,Ž. Čajkovski,2,1950,Mexico,wc26-20260618T013005z
argentina,Argentina,Zumelzú,2,1930,Mexico,wc26-20260618T013005z
brazil,Brazil,Zizinho,2,1950,"Spain, Yugoslavia",wc26-20260618T013005z
france,France,Zidane,2,2006,"Italy, Portugal",wc26-20260618T013005z
morocco,Morocco,Youssef En-Nesyri,2,2022,"Canada, Portugal",wc26-20260618T013005z
colombia,Colombia,Y. Mina,2,2018,"Poland, Senegal",wc26-20260618T013005z
netherlands,Netherlands,Wout Werghost,2,2022,Argentina,wc26-20260618T013005z
ivory-coast,Ivory Coast,Wilfried Bony,2,2014,"Greece, Japan",wc26-20260618T013005z
yugoslavia,Yugoslavia,Vujadinović,2,1930,"Bolivia, Uruguay",wc26-20260618T013005z
belgium,Belgium,Voorhoof,2,1934,Germany,wc26-20260618T013005z
cameroon,Cameroon,Vincent Aboubakar,2,2022,"Brazil, Serbia",wc26-20260618T013005z
chile,Chile,Vidal,2,1930,Mexico,wc26-20260618T013005z
germany,Germany,Toni Kroos,2,2014,Brazil,wc26-20260618T013005z
yugoslavia,Yugoslavia,Tomašević,2,1950,"Mexico, Switzerland",wc26-20260618T013005z
hungary,Hungary,Titkos,2,1938,"Italy, Sweden",wc26-20260618T013005z
chile,Chile,Subiabre,2,1930,"Argentina, France",wc26-20260618T013005z
england,England,Stones,2,2018,Panama,wc26-20260618T013005z
south-korea,South Korea,Son Heung-min,2,2018,"Germany, Mexico",wc26-20260618T013005z
cuba,Cuba,Socorro,2,1938,Romania,wc26-20260618T013005z
germany,Germany,Schweinsteiger,2,2006,Portugal,wc26-20260618T013005z
italy,Italy,Schillaci,2,1990,"Argentina, England",wc26-20260618T013005z
poland,Poland,Robert Lewandowski,2,2022,"France, Saudi Arabia",wc26-20260618T013005z
england,England,Rashford,2,2022,Wales,wc26-20260618T013005z
portugal,Portugal,Rafael Leão,2,2022,"Ghana, Switzerland",wc26-20260618T013005z
belgium,Belgium,R. Lukaku,2,2018,Tunisia,wc26-20260618T013005z
czech-republic,Czech Republic,Puč,2,1934,"Italy, Romania",wc26-20260618T013005z
croatia,Croatia,Perišić,2,2018,"France, Iceland",wc26-20260618T013005z
brazil,Brazil,Oscar,2,2014,"Croatia, Germany",wc26-20260618T013005z
germany,Germany,Niclas Füllkrug,2,2022,"Costa Rica, Spain",wc26-20260618T013005z
nigeria,Nigeria,Musa,2,2018,Iceland,wc26-20260618T013005z
argentina,Argentina,Monti,2,1930,"France, USA",wc26-20260618T013005z
ghana,Ghana,Mohammed Kudus,2,2022,South Korea,wc26-20260618T013005z
croatia,Croatia,Modrić,2,2018,"Argentina, Nigeria",wc26-20260618T013005z
brazil,Brazil,Moderato,2,1930,Bolivia,wc26-20260618T013005z
germany,Germany,Miroslav Klose,2,2014,"Brazil, Ghana",wc26-20260618T013005z
iran,Iran,Mehdi Taremi,2,2022,England,wc26-20260618T013005z
germany,Germany,Mats Hummels,2,2014,"France, Portugal",wc26-20260618T013005z
france,France,Maschinot,2,1930,Mexico,wc26-20260618T013005z
germany,Germany,Mario Götze,2,2014,"Argentina, Ghana",wc26-20260618T013005z
egypt,Egypt,M. Salah,2,2018,"Russia, Saudi Arabia",wc26-20260618T013005z
mexico,Mexico,M. Rosas,2,1930,Argentina,wc26-20260618T013005z
belgium,Belgium,Lukaku,2,2018,Panama,wc26-20260618T013005z
uruguay,Uruguay,Luis Suárez,2,2014,England,wc26-20260618T013005z
germany,Germany,Lehner,2,1934,Austria,wc26-20260618T013005z
uruguay,Uruguay,L. Suárez,2,2018,"Russia, Saudi Arabia",wc26-20260618T013005z
germany,Germany,Kai Lukas Havertz,2,2022,Costa Rica,wc26-20260618T013005z
sweden,Sweden,Jeppson,2,1950,Italy,wc26-20260618T013005z
australia,Australia,Jedinak,2,2018,"Denmark, France",wc26-20260618T013005z
brazil,Brazil,Jair,2,1950,"Mexico, Spain",wc26-20260618T013005z
colombia,Colombia,Jackson Martínez,2,2014,Japan,wc26-20260618T013005z
algeria,Algeria,Islam Slimani,2,2014,"Russia, South Korea",wc26-20260618T013005z
uruguay,Uruguay,Iriarte,2,1930,"Argentina, Yugoslavia",wc26-20260618T013005z
spain,Spain,Iraragorri,2,1934,Brazil,wc26-20260618T013005z
spain,Spain,Igoa,2,1950,"Brazil, USA",wc26-20260618T013005z
austria,Austria,Horvath,2,1934,"Germany, Hungary",wc26-20260618T013005z
germany,Germany,Hohmann,2,1934,Sweden,wc26-20260618T013005z
france,France,Griezmann,2,2018,"Australia, Croatia",wc26-20260618T013005z
sweden,Sweden,Granqvist,2,2018,"Mexico, South Korea",wc26-20260618T013005z
uruguay,Uruguay,Giorgian De Arrascaeta,2,2022,Ghana,wc26-20260618T013005z
ivory-coast,Ivory Coast,Gervinho,2,2014,"Colombia, Japan",wc26-20260618T013005z
italy,Italy,Ferrari,2,1934,"Spain, USA",wc26-20260618T013005z
spain,Spain,Ferran Torres,2,2022,Costa Rica,wc26-20260618T013005z
egypt,Egypt,Fawzi,2,1934,Hungary,wc26-20260618T013005z
switzerland,Switzerland,Fatton,2,1950,Brazil,wc26-20260618T013005z
belgium,Belgium,E. Hazard,2,2018,Tunisia,wc26-20260618T013005z
russia,Russia,Dzyuba,2,2018,"Egypt, Saudi Arabia",wc26-20260618T013005z
uruguay,Uruguay,Dorado,2,1930,"Argentina, Romania",wc26-20260618T013005z
brazil,Brazil,David Luiz,2,2014,"Chile, Colombia",wc26-20260618T013005z
chile,Chile,Cremaschi,2,1950,USA,wc26-20260618T013005z
spain,Spain,Costa,2,2018,Portugal,wc26-20260618T013005z
usa,USA,Clint Dempsey,2,2014,"Ghana, Portugal",wc26-20260618T013005z
south-korea,South Korea,Cho Gue-sung,2,2022,Ghana,wc26-20260618T013005z
uruguay,Uruguay,Castro,2,1930,"Argentina, Peru",wc26-20260618T013005z
italy,Italy,Carapellese,2,1950,"Paraguay, Sweden",wc26-20260618T013005z
costa-rica,Costa Rica,Bryan Ruiz,2,2014,"Greece, Italy",wc26-20260618T013005z
portugal,Portugal,Bruno Fernandes,2,2022,Uruguay,wc26-20260618T013005z
germany,Germany,Brehme,2,1990,"Argentina, England",wc26-20260618T013005z
switzerland,Switzerland,Breel Embolo,2,2022,"Cameroon, Serbia",wc26-20260618T013005z
brazil,Brazil,Baltazar,2,1950,"Mexico, Switzerland",wc26-20260618T013005z
ghana,Ghana,Asamoah Gyan,2,2014,"Germany, Portugal",wc26-20260618T013005z
france,France,Antoine Griezmann,2,2018,"Argentina, Uruguay",wc26-20260618T013005z
germany,Germany,Andre Schürrle,2,2014,Brazil,wc26-20260618T013005z
sweden,Sweden,Andersson,2,1950,"Brazil, Italy",wc26-20260618T013005z
chile,Chile,Alexis Sánchez,2,2014,"Australia, Brazil",wc26-20260618T013005z
serbia,Serbia,Aleksandar Mitrović,2,2022,"Cameroon, Switzerland",wc26-20260618T013005z
nigeria,Nigeria,Ahmed Musa,2,2014,Argentina,wc26-20260618T013005z
algeria,Algeria,Abdelmoumene Djabou,2,2014,"Germany, South Korea",wc26-20260618T013005z
argentina,Argentina,Ángel di María,1,2014,Switzerland,wc26-20260618T013005z
sweden,Sweden,Álvarez,1,2018,Mexico,wc26-20260618T013005z
switzerland,Switzerland,Zuber,1,2018,Brazil,wc26-20260618T013005z
austria,Austria,Zischek,1,1934,Hungary,wc26-20260618T013005z
czech-republic,Czech Republic,Zeman,1,1938,Netherlands,wc26-20260618T013005z
morocco,Morocco,Zakaria Aboukhlal,1,2022,Belgium,wc26-20260618T013005z
colombia,Colombia,Yerry Mina,1,2018,England,wc26-20260618T013005z
costa-rica,Costa Rica,Yeltsin Tejeda,1,2022,Germany,wc26-20260618T013005z
panama,Panama,Yassine Meriah,1,2018,Tunisia,wc26-20260618T013005z
algeria,Algeria,Yacine Brahimi,1,2014,South Korea,wc26-20260618T013005z
switzerland,Switzerland,Xhaka,1,2018,Serbia,wc26-20260618T013005z
spain,Spain,Xabi Alonso,1,2014,Netherlands,wc26-20260618T013005z
netherlands,Netherlands,Wesley Sneijder,1,2014,Mexico,wc26-20260618T013005z
england,England,Wayne Rooney,1,2014,Uruguay,wc26-20260618T013005z
costa-rica,Costa Rica,Waston,1,2018,Switzerland,wc26-20260618T013005z
usa,USA,Wallace,1,1950,Chile,wc26-20260618T013005z
switzerland,Switzerland,Walaschek,1,1938,Germany,wc26-20260618T013005z
brazil,Brazil,Vinícius Jr.,1,2022,South Korea,wc26-20260618T013005z
hungary,Hungary,Vincze,1,1934,Egypt,wc26-20260618T013005z
uruguay,Uruguay,Vidal,1,1950,Bolivia,wc26-20260618T013005z
france,France,Verriest,1,1934,Austria,wc26-20260618T013005z
netherlands,Netherlands,Vente,1,1934,Switzerland,wc26-20260618T013005z
france,France,Veinante,1,1938,Belgium,wc26-20260618T013005z
bosnia-and-herzegovina,Bosnia & Herzegovina,Vedad Ibišević,1,2014,Argentina,wc26-20260618T013005z
paraguay,Paraguay,Vargas Peña,1,1930,Belgium,wc26-20260618T013005z
uruguay,Uruguay,Varela,1,1950,Spain,wc26-20260618T013005z
portugal,Portugal,Varela,1,2014,USA,wc26-20260618T013005z
argentina,Argentina,Varallo,1,1930,Mexico,wc26-20260618T013005z
cuba,Cuba,Tuñas,1,1938,Romania,wc26-20260618T013005z
sweden,Sweden,Toivonen,1,2018,Germany,wc26-20260618T013005z
yugoslavia,Yugoslavia,Tirnanić,1,1930,Brazil,wc26-20260618T013005z
usa,USA,Timothy Weah,1,2022,Wales,wc26-20260618T013005z
australia,Australia,Tim Cahill,1,2014,Netherlands,wc26-20260618T013005z
france,France,Théo Hernandez,1,2022,Morocco,wc26-20260618T013005z
belgium,Belgium,Thomas Meunier,1,2018,England,wc26-20260618T013005z
colombia,Colombia,Teofilo Gutiérrez,1,2014,Greece,wc26-20260618T013005z
hungary,Hungary,Teleki,1,1934,Egypt,wc26-20260618T013005z
japan,Japan,Takuma Asano,1,2022,Germany,wc26-20260618T013005z
japan,Japan,Takashi Inui,1,2018,Belgium,wc26-20260618T013005z
czech-republic,Czech Republic,Svoboda,1,1934,Switzerland,wc26-20260618T013005z
serbia,Serbia,Strahinja Pavlović,1,2022,Cameroon,wc26-20260618T013005z
netherlands,Netherlands,Stefan De Vrij,1,2014,Spain,wc26-20260618T013005z
romania,Romania,Stanciu,1,1930,Peru,wc26-20260618T013005z
peru,Peru,Souza Ferreira,1,1930,Romania,wc26-20260618T013005z
south-korea,South Korea,Son Heung Min,1,2014,Algeria,wc26-20260618T013005z
costa-rica,Costa Rica,Sommer,1,2018,Switzerland,wc26-20260618T013005z
algeria,Algeria,Sofiane Feghouli,1,2014,Belgium,wc26-20260618T013005z
greece,Greece,Socratis Papastathopoulos,1,2014,Costa Rica,wc26-20260618T013005z
czech-republic,Czech Republic,Sobotka,1,1934,Switzerland,wc26-20260618T013005z
netherlands,Netherlands,Smit,1,1934,Switzerland,wc26-20260618T013005z
austria,Austria,Sindelar,1,1934,France,wc26-20260618T013005z
germany,Germany,Siffling,1,1934,Belgium,wc26-20260618T013005z
japan,Japan,Shinji Okazaki,1,2014,Colombia,wc26-20260618T013005z
switzerland,Switzerland,Shaqiri,1,2018,Serbia,wc26-20260618T013005z
austria,Austria,Sesta,1,1934,Germany,wc26-20260618T013005z
argentina,Argentina,Sergio Agüero,1,2018,France,wc26-20260618T013005z
serbia,Serbia,Sergej Milinković-Savić,1,2022,Cameroon,wc26-20260618T013005z
spain,Spain,Sergei Ignashevich,1,2018,Russia,wc26-20260618T013005z
germany,Germany,Serge Gnabry,1,2022,Costa Rica,wc26-20260618T013005z
argentina,Argentina,Sead Kolašinac,1,2014,Bosnia & Herzegovina,wc26-20260618T013005z
argentina,Argentina,Scopelli,1,1930,USA,wc26-20260618T013005z
poland,Poland,Scherfke,1,1938,Brazil,wc26-20260618T013005z
austria,Austria,Schall,1,1934,France,wc26-20260618T013005z
uruguay,Uruguay,Scarone,1,1930,Romania,wc26-20260618T013005z
tunisia,Tunisia,Sassi,1,2018,England,wc26-20260618T013005z
france,France,Samuel Umtiti,1,2018,Belgium,wc26-20260618T013005z
germany,Germany,Sami Khedira,1,2014,Brazil,wc26-20260618T013005z
saudi-arabia,Saudi Arabia,Salman Al-Faraj,1,2018,Egypt,wc26-20260618T013005z
saudi-arabia,Saudi Arabia,Salem Al-Dawsari,1,2018,Egypt,wc26-20260618T013005z
saudi-arabia,Saudi Arabia,Salem Al Dawsari,1,2022,Argentina,wc26-20260618T013005z
saudi-arabia,Saudi Arabia,Salem Al Dawasari,1,2022,Mexico,wc26-20260618T013005z
saudi-arabia,Saudi Arabia,Saleh Al Shehri,1,2022,Argentina,wc26-20260618T013005z
iran,Iran,Roozbeh Cheshmi,1,2022,Wales,wc26-20260618T013005z
belgium,Belgium,Romelu Lukaku,1,2014,USA,wc26-20260618T013005z
morocco,Morocco,Romain Saïss,1,2022,Belgium,wc26-20260618T013005z
colombia,Colombia,Rodríguez,1,2014,Brazil,wc26-20260618T013005z
chile,Chile,Robledo,1,1950,USA,wc26-20260618T013005z
brazil,Brazil,Roberto Firmino,1,2018,Mexico,wc26-20260618T013005z
brazil,Brazil,Roberto,1,1938,Czech Republic,wc26-20260618T013005z
japan,Japan,Ritsu Dōan,1,2022,Spain,wc26-20260618T013005z
japan,Japan,Ritsu Doan,1,2022,Germany,wc26-20260618T013005z
chile,Chile,Riera,1,1950,USA,wc26-20260618T013005z
portugal,Portugal,Ricardo Horta,1,2022,South Korea,wc26-20260618T013005z
iran,Iran,Reza Ghoochannejhad,1,2014,Bosnia & Herzegovina,wc26-20260618T013005z
germany,Germany,Reus,1,2018,Sweden,wc26-20260618T013005z
brazil,Brazil,Renato Augusto,1,2018,Belgium,wc26-20260618T013005z
